{
    "BABA_mr_profit": 0.0,
    "BABA_mr_returns": 0.0,
    "BABA_sma_profit": -262.4199999999996,
    "BABA_sma_returns": -294.42,
    "BABA_bb_profit": -158.86999999999983,
    "BABA_bb_returns": -178.25,
    "CSCO_mr_profit": 0.0,
    "CSCO_mr_returns": 0.0,
    "CSCO_sma_profit": -201.2877999999995,
    "CSCO_sma_returns": -428.0,
    "CSCO_bb_profit": -114.15560000000015,
    "CSCO_bb_returns": -226.9,
    "BAC_mr_profit": 0.0,
    "BAC_mr_returns": 0.0,
    "BAC_sma_profit": -50.262499999999974,
    "BAC_sma_returns": -168.27,
    "BAC_bb_profit": -101.60500000000019,
    "BAC_bb_returns": -350.72,
    "KSS_mr_profit": 0.0,
    "KSS_mr_returns": 0.0,
    "KSS_sma_profit": -275.31999999999914,
    "KSS_sma_returns": -1188.77,
    "KSS_bb_profit": -218.96999999999997,
    "KSS_bb_returns": -945.47,
    "AMZN_mr_profit": 0.0,
    "AMZN_mr_returns": 0.0,
    "AMZN_sma_profit": 2854.129799999998,
    "AMZN_sma_returns": 2668.41,
    "AMZN_bb_profit": -1848.2627000000002,
    "AMZN_bb_returns": -1827.07,
    "AAPL_mr_profit": 0.0,
    "AAPL_mr_returns": 0.0,
    "AAPL_sma_profit": 2760.800206000003,
    "AAPL_sma_returns": 1656.65,
    "AAPL_bb_profit": 1769.779,
    "AAPL_bb_returns": 1306.59,
    "GOOG_mr_profit": 0,
    "GOOG_mr_returns": 0.0,
    "GOOG_sma_profit": -5243.8303,
    "GOOG_sma_returns": -4927.49,
    "GOOG_bb_profit": 2010.7099999999969,
    "GOOG_bb_returns": 2125.71,
    "ADBE_mr_profit": 0.0,
    "ADBE_mr_returns": 0.0,
    "ADBE_sma_profit": -1010.9385999999993,
    "ADBE_sma_returns": -267.68,
    "ADBE_bb_profit": -1969.3455000000017,
    "ADBE_bb_returns": -569.44,
    "GME_mr_profit": 0.0,
    "GME_mr_returns": 0.0,
    "GME_sma_profit": 323.7800000000006,
    "GME_sma_returns": 1580.19,
    "GME_bb_profit": 815.8800000000009,
    "GME_bb_returns": 3981.84,
    "BA_mr_profit": 0.0,
    "BA_mr_returns": 0.0,
    "BA_sma_profit": -396.42999999999927,
    "BA_sma_returns": -193.24,
    "BA_bb_profit": 73.29999999999941,
    "BA_bb_returns": 34.08
}